{
    "loss": 0.5610357522964478,
    "accuracy": 0.8620689511299133
}