{
    "loss": 0.6937577724456787,
    "accuracy": 0.8706896305084229
}